PlayerID,Name,Team,Position,PitchType,BatType,League,Payment,Salary,DebutYear,DebutTeam,AgencyID
NC-21,강동연,NC,투수,우투,우타,1,0,4400,2012,두산,0
NC-68,강윤구,NC,투수,좌투,좌타,1,12000,10000,2009,히어로즈,0
NC-49,강진성,NC,내야수,우투,우타,1,7000,12000,2012,NC,0
NC-78,강태경,NC,투수,우투,좌타,2,7000,3000,,,0
NC-59,구창모,NC,투수,좌투,좌타,1,15000,25000,2015,NC,12
NC-65,권법수,NC,외야수,우투,우타,2,5000,3000,2017,NC,0
NC-36,권희동,NC,외야수,우투,우타,1,3000,17000,2013,NC,15
NC-24,김건태,NC,투수,우투,우타,1,18000,8000,2010,넥센,0
NC-8,김기환,NC,외야수,우투,좌타,2,9000,3000,2015,삼성,0
NC-5,김민수,NC,내야수,우투,우타,1,4000,3000,2017,NC,0
NC-69,김범준,NC,외야수,우투,우타,2,6000,3000,,,0
NC-58,김영규,NC,투수,좌투,좌타,1,4000,8300,2018,NC,15
NC-57,김영중,NC,투수,우투,우타,2,7000,3000,,,0
NC-103,김재중,NC,외야수,우투,우타,2,3000,3000,,,0
NC-102,김정호,NC,포수,우투,우타,2,4000,3000,,,0
NC-7,김주원,NC,내야수,우투,양타,1,15000,3000,2021,NC,0
NC-100,김준상,NC,내야수,우투,우타,2,5000,3000,,,0
NC-1,김준완,NC,외야수,우투,좌타,1,0,6000,2013,NC,0
NC-55,김진성,NC,투수,우투,우타,1,0,20000,2005,SK,0
NC-104,김진우,NC,투수,좌투,좌타,2,3000,3000,,,0
NC-61,김진호,NC,투수,우투,우타,1,9000,3000,2017,NC,0
NC-6,김찬형,NC,내야수,우투,우타,1,5000,4800,2016,NC,2
NC-3,김철호,NC,내야수,우투,좌타,2,8000,3000,2018,NC,0
NC-60,김태경,NC,투수,우투,우타,1,15000,3000,2020,NC,0
NC-42,김태군,NC,포수,우투,우타,1,8000,20000,2008,LG,9
NC-29,김태현,NC,투수,좌투,좌타,1,30000,3000,2017,NC,0
NC-47,나성범,NC,외야수,좌투,좌타,1,30000,78000,2012,NC,0
NC-63,노시훈,NC,투수,우투,우타,1,3000,3000,2021,NC,0
NC-52,노진혁,NC,내야수,우투,좌타,1,8000,23000,2012,NC,0
NC-15,도태훈,NC,내야수,우투,좌타,1,0,3200,2016,NC,16
NC-40,루친스키,NC,투수,우투,우타,1,300000,1300000,2019,NC,0
NC-41,류진욱,NC,투수,우투,우타,1,10000,3000,2015,NC,0
NC-16,모창민,NC,내야수,우투,우타,1,12000,30000,2008,SK,6
NC-56,문경찬,NC,투수,우투,우타,1,11000,11500,2015,KIA,2
NC-26,박대온,NC,포수,우투,우타,2,10000,3000,2014,NC,16
NC-2,박민우,NC,내야수,우투,좌타,1,16000,63000,2012,NC,12
NC-18,박석민,NC,내야수,우투,우타,1,18000,70000,2004,삼성,0
NC-43,박시원,NC,외야수,우투,좌타,1,12000,3000,2020,NC,0
NC-39,박정수,NC,투수,우언,좌타,1,5000,4500,2015,KIA,0
NC-13,박준영,NC,내야수,우투,우타,1,20000,3200,2016,NC,0
NC-99,박지한,NC,투수,좌투,좌타,2,4000,3000,,,0
NC-30,박진우,NC,투수,우언,우타,1,0,11500,2015,NC,0
NC-44,배민서,NC,투수,우언,우타,1,7000,3100,2019,NC,0
NC-50,소이현,NC,투수,우투,우타,1,8000,3100,2017,NC,0
NC-14,손정욱,NC,투수,좌투,좌타,1,12000,4400,2013,NC,0
NC-62,송명기,NC,투수,우투,우타,1,16000,11000,2019,NC,0
NC-53,신민혁,NC,투수,우투,우타,1,6000,4000,2020,NC,0
NC-31,안인산,NC,투수,우투,우타,1,10000,3000,2020,NC,0
NC-23,알테어,NC,외야수,우투,우타,1,200000,1100000,2020,NC,0
NC-25,양의지,NC,포수,우투,우타,1,3000,150000,2006,두산,6
NC-91,오장한,NC,외야수,우투,좌타,1,8000,3000,2021,NC,0
NC-96,오태양,NC,내야수,우투,우타,1,6000,3000,2021,NC,0
NC-46,원종현,NC,투수,우언,우타,1,11000,30000,2006,LG,0
NC-37,윤수강,NC,포수,우투,우타,1,3000,3100,2012,롯데,0
NC-28,윤형준,NC,내야수,우투,우타,1,7000,3000,2013,NC,0
NC-34,이도현,NC,투수,우투,우타,2,0,3000,2019,상무,0
NC-33,이명기,NC,외야수,좌투,좌타,1,3000,27000,2006,SK,16
NC-54,이승헌,NC,투수,좌투,좌타,1,3000,3000,2020,NC,5
NC-48,이용준,NC,투수,우투,우타,1,10000,3000,2021,NC,0
NC-32,이원재,NC,내야수,우투,좌타,1,0,6600,2017,NC,16
NC-84,이재용,NC,포수,우투,우타,1,6000,3000,2017,NC,0
NC-17,이재율,NC,외야수,좌투,좌타,1,7000,3100,2016,NC,0
NC-51,이재학,NC,투수,우언,우타,1,10000,20000,2010,두산,0
NC-90,이종준,NC,투수,우투,우타,2,3000,3000,,,0
NC-11,이호중,NC,투수,우투,우타,2,20000,3000,2015,NC,0
NC-38,임정호,NC,투수,좌투,좌타,1,7000,13000,2013,NC,1
NC-45,임창민,NC,투수,우투,우타,1,7000,14000,2008,우리,0
NC-92,임형원,NC,투수,우투,우타,2,8000,3000,2020,NC,0
NC-35,전민수,NC,외야수,우투,좌타,1,5500,5000,2008,우리,0
NC-95,정구범,NC,투수,좌투,좌타,2,25000,3000,2020,NC,0
NC-20,정범모,NC,포수,우투,우타,1,9000,5000,2006,한화,0
NC-101,조성현,NC,투수,우투,우타,2,4000,3000,,,0
NC-10,지석훈,NC,내야수,우투,우타,1,25000,10000,2003,현대,0
NC-00,천재환,NC,외야수,우투,우타,2,0,3000,,,0
NC-66,최금강,NC,투수,우투,우타,1,0,10000,2013,NC,0
NC-4,최보성,NC,내야수,우투,우타,2,4000,3000,2018,NC,0
NC-105,최상인,NC,외야수,우투,좌타,2,6000,3000,2016,NC,0
NC-9,최승민,NC,외야수,우투,좌타,1,0,3000,2017,상무,0
NC-64,최정원,NC,내야수,우투,좌타,1,5000,3300,2020,NC,0
NC-67,파슨스,NC,투수,우투,우타,1,80000,320000,2021,NC,0
NC-94,한재승,NC,투수,우투,우타,1,7000,3000,2021,NC,0
NC-85,한재환,NC,내야수,우투,우타,2,4000,3000,,,0
NC-19,홍성민,NC,투수,우언,양타,1,5000,11000,2012,KIA,0
두산-25,강승호,두산,내야수,우투,우타,1,20000,5000,2013,LG,0
두산-97,강원진,두산,투수,좌투,우타,2,4000,3000,,,0
두산-69,강현구,두산,외야수,우투,우타,1,7000,3000,2021,두산,0
두산-58,고봉재,두산,투수,우언,우타,2,8000,3300,2016,두산,0
두산-47,곽빈,두산,투수,우투,우타,1,30000,3000,2018,두산,0
두산-15,국해성,두산,외야수,우투,양타,1,0,5000,2009,두산,0
두산-7,권민석,두산,내야수,우투,우타,1,3000,3500,2018,두산,0
두산-38,권휘,두산,투수,우투,우타,1,0,3200,2020,두산,16
두산-27,김강률,두산,투수,우투,우타,1,8000,11000,2007,두산,0
두산-92,김도경,두산,외야수,우투,우타,2,0,3000,,,0
두산-94,김도윤,두산,투수,우투,좌타,1,6000,3000,2021,두산,0
두산-30,김동주,두산,투수,우투,우타,1,12000,3000,2021,두산,0
두산-46,김명신,두산,투수,우투,우타,1,10000,4500,2017,두산,1
두산-33,김문수,두산,내야수,우투,우타,2,4000,3000,,,0
두산-19,김민규,두산,투수,우투,좌타,1,8000,5500,2018,두산,15
두산-20,김민혁,두산,내야수,우투,우타,1,10000,3400,2017,두산,8
두산-39,김인태,두산,외야수,좌투,좌타,1,20000,6500,2013,두산,0
두산-52,김재호,두산,내야수,우투,우타,1,20000,60000,2004,두산,4
두산-32,김재환,두산,외야수,우투,좌타,1,15000,76000,2008,두산,11
두산-99,김주완,두산,투수,좌투,좌타,2,3000,3000,,,0
두산-11,남호,두산,투수,좌투,좌타,1,6000,3300,2020,LG,0
두산-34,로켓,두산,투수,우투,우타,1,250000,493000,2021,두산,0
두산-59,문대원,두산,투수,우투,우타,1,7000,3100,2017,두산,0
두산-57,미란다,두산,투수,좌투,좌타,1,150000,550000,2021,두산,0
두산-37,박건우,두산,외야수,우투,우타,1,10000,48000,2009,두산,0
두산-14,박계범,두산,내야수,우투,우타,1,11000,7000,2014,삼성,0
두산-26,박성모,두산,투수,좌투,좌타,1,4000,3000,2018,두산,0
두산-98,박성재,두산,포수,우투,우타,2,3000,3000,,,0
두산-10,박세혁,두산,포수,우투,좌타,1,6000,26000,2012,두산,0
두산-77,박웅,두산,투수,우투,우타,1,0,3000,2021,두산,0
두산-18,박종기,두산,투수,우투,우타,1,0,3500,2015,두산,0
두산-2,박지훈,두산,내야수,우투,우타,1,6000,3100,2020,두산,0
두산-1,박치국,두산,투수,우언,우타,1,14000,16000,2017,두산,0
두산-49,백동훈,두산,외야수,우투,우타,1,6000,3600,2013,롯데,0
두산-65,백민규,두산,내야수,우투,우타,2,4000,3000,2017,두산,0
두산-104,백종수,두산,포수,우투,우타,2,0,3000,,,0
두산-16,서예일,두산,내야수,우투,우타,1,6000,3500,2016,두산,0
두산-5,신성현,두산,내야수,우투,우타,1,0,4300,2009,히로시마,0
두산-93,신창희,두산,포수,우투,우타,2,4000,3000,,,0
두산-23,안권수,두산,외야수,우투,좌타,1,3000,3500,2020,두산,0
두산-3,안재석,두산,내야수,우투,좌타,1,20000,3000,2021,두산,0
두산-101,안찬호,두산,투수,우투,우타,2,0,3000,,,0
두산-53,양석환,두산,내야수,우투,우타,1,9000,21000,2014,LG,0
두산-100,양현진,두산,외야수,우투,우타,2,3000,3000,,,0
두산-6,오명진,두산,내야수,우투,좌타,1,5000,3100,2020,두산,0
두산-103,오세훈,두산,투수,좌투,좌타,2,0,3000,,,0
두산-24,오재원,두산,내야수,우투,좌타,1,0,30000,2007,두산,3
두산-43,유재유,두산,투수,우투,우타,1,15000,3200,2016,LG,0
두산-29,유희관,두산,투수,좌투,좌타,1,4000,30000,2009,두산,6
두산-42,윤명준,두산,투수,우투,우타,1,20000,15600,2012,두산,0
두산-4,이교훈,두산,투수,좌투,좌타,1,8000,3100,2019,두산,0
두산-56,이동원,두산,투수,우투,우타,2,0,3100,2019,두산,0
두산-62,이민혁,두산,투수,우투,우타,2,7000,3000,2019,두산,0
두산-96,이상연,두산,투수,우투,우타,2,4000,3000,,,0
두산-55,이승진,두산,투수,우투,우타,1,5000,10000,2016,상무,0
두산-50,이영하,두산,투수,우투,우타,1,35000,19000,2017,두산,1
두산-107,이주엽,두산,투수,우투,우타,1,20000,3100,2020,두산,0
두산-48,이현승,두산,투수,좌투,좌타,1,18000,7000,2006,현대,3
두산-68,이형범,두산,투수,우투,우타,1,7000,9000,2012,NC,0
두산-95,임태윤,두산,내야수,우투,우타,1,5000,3000,2021,두산,0
두산-44,장규빈,두산,포수,우투,우타,1,14000,3000,2020,두산,0
두산-102,장빈,두산,투수,우투,우타,2,0,3000,,,0
두산-22,장승현,두산,포수,우투,우타,1,7000,3800,2013,두산,0
두산-28,장원준,두산,투수,좌투,좌타,1,35000,8000,2004,롯데,3
두산-31,정수빈,두산,외야수,좌투,좌타,1,6000,60000,2009,두산,0
두산-63,정우석,두산,투수,우투,우타,2,3000,3000,2018,두산,0
두산-102,정은재,두산,투수,우투,우타,1,0,0,,,0
두산-51,조수행,두산,외야수,우투,좌타,1,14000,7500,2016,두산,4
두산-67,조제영,두산,투수,우투,우타,1,7000,3100,2020,두산,0
두산-60,지윤,두산,투수,우투,우타,2,8000,3000,2017,두산,0
두산-66,최세창,두산,투수,우투,우타,1,8000,3100,2020,두산,0
두산-64,최승용,두산,투수,좌투,좌타,1,8000,3000,2021,두산,0
두산-12,최용제,두산,포수,우투,우타,1,0,3800,2016,두산,0
두산-61,최원준,두산,투수,우언,우타,1,18000,16000,2018,두산,0
두산-35,최종인,두산,투수,우투,우타,2,3000,3000,,,0
두산-9,페르난데스,두산,내야수,우투,좌타,1,200000,600000,2019,두산,0
두산-13,허경민,두산,내야수,우투,우타,1,13000,100000,2009,두산,6
두산-40,현도훈,두산,투수,우투,좌타,1,0,3000,2018,두산,0
두산-17,홍건희,두산,투수,우투,우타,1,14000,11000,2011,KIA,1
두산-8,황경태,두산,내야수,우투,우타,1,10000,3100,2016,두산,0
KT-7,강민국,KT,내야수,우투,우타,1,20000,5500,2014,NC,0
KT-64,강민성,KT,내야수,우투,우타,2,6000,3300,,,0
KT-50,강백호,KT,내야수,우투,좌타,1,45000,31000,2018,KT,1
KT-93,강승훈,KT,내야수,우투,우타,2,4000,2700,2016,KT,0
KT-66,강현우,KT,포수,우투,우타,1,15000,3000,2020,KT,0
KT-110,고영찬,KT,투수,우투,우타,2,0,2700,,,0
KT-1,고영표,KT,투수,우언,우타,1,13000,12000,2014,KT,0
KT-3,권동진,KT,내야수,우투,좌타,1,15000,3000,2021,KT,0
KT-0,김건형,KT,외야수,우투,좌타,1,4000,3000,2021,KT,0
KT-112,김대현,KT,내야수,우투,우타,2,0,2700,,,0
KT-37,김도현,KT,외야수,우투,우타,1,4500,3000,2011,넥센,0
KT-44,김만수,KT,포수,우투,우타,2,7000,3100,2016,KT,0
KT-108,김민서,KT,외야수,우투,우타,2,0,3000,,,0
KT-26,김민수,KT,투수,우투,우타,1,11000,7000,2015,KT,15
KT-53,김민혁,KT,외야수,우투,좌타,1,6000,6500,2014,KT,0
KT-14,김병희,KT,내야수,우투,우타,1,13000,3500,2014,KT,0
KT-103,김성균,KT,내야수,좌투,좌타,2,7000,3000,,,0
KT-98,김성훈,KT,투수,우투,우타,1,0,3200,2020,KT,0
KT-97,김영현,KT,투수,우투,우타,2,0,3000,,,0
KT-62,김재윤,KT,투수,우투,우타,1,0,17000,2009,애리조나,0
KT-99,김종성,KT,외야수,좌투,좌타,2,0,2700,,,0
KT-45,김태훈,KT,외야수,우투,좌타,1,6000,3700,2015,KT,4
KT-40,데스파이네,KT,투수,우투,우타,1,300000,500000,2020,KT,0
KT-29,류희운,KT,투수,우투,우타,1,32000,3800,2014,KT,0
KT-33,문상인,KT,포수,우투,우타,1,6000,3200,2020,KT,0
KT-107,문상준,KT,내야수,우투,우타,2,4000,3000,,,0
KT-25,문상철,KT,외야수,우투,우타,1,13000,6000,2014,KT,0
KT-6,박경수,KT,내야수,우투,우타,1,43000,40000,2003,LG,6
KT-95,박규민,KT,투수,우투,우타,2,14000,2700,2014,SK,0
KT-16,박승욱,KT,내야수,우투,우타,2,8000,8000,2012,SK,0
KT-46,박시영,KT,투수,우투,좌타,1,0,6800,2010,롯데,0
KT-67,박시윤,KT,투수,우투,우타,1,9000,2700,2018,KT,0
KT-96,박준호,KT,투수,좌투,좌타,2,4000,3000,,,0
KT-27,배정대,KT,외야수,좌투,좌타,2,15000,14000,2014,LG,0
KT-19,배제성,KT,투수,우투,우타,1,3000,17000,2015,롯데,10
KT-94,백선기,KT,외야수,우투,좌타,1,5000,2700,,,0
KT-30,소형준,KT,투수,좌투,좌타,2,36000,14000,2020,KT,0
KT-12,송민섭,KT,외야수,우투,우타,1,0,5700,2015,KT,0
KT-57,신범준,KT,투수,우투,우타,1,17000,3000,2021,KT,0
KT-56,신병률,KT,투수,우투,우타,1,6000,3100,2018,KT,0
KT-5,신본기,KT,내야수,우언,우타,1,12000,9200,2012,롯데,5
KT-2,심우준,KT,내야수,우투,우타,1,13000,15500,2014,KT,1
KT-34,심재민,KT,투수,우투,우타,1,25000,6300,2014,KT,12
KT-9,안승한,KT,포수,좌투,우타,1,13000,3700,2014,KT,0
KT-48,안영명,KT,투수,우투,우타,1,18000,7000,2003,한화,0
KT-49,안현준,KT,투수,우투,우타,1,7000,3200,2014,KT,0
KT-4,알몬테,KT,외야수,우언,우타,1,0,525000,2021,KT,0
KT-55,유원상,KT,투수,우투,양타,1,55000,8000,2006,한화,16
KT-13,유준규,KT,내야수,우투,우타,1,8000,3000,2021,KT,0
KT-61,유한준,KT,외야수,우투,좌타,1,6000,50000,2004,현대,0
KT-104,윤세훈,KT,투수,우투,우타,1,0,3000,,,0
KT-114,윤종휘,KT,내야수,우투,우타,2,0,2700,,,0
KT-68,윤준혁,KT,내야수,우투,우타,2,8000,3000,2020,KT,0
KT-36,이강준,KT,투수,우투,우타,1,9000,3000,2020,KT,0
KT-11,이대은,KT,투수,우투,우타,1,0,5000,2007,시카고컵스,10
KT-47,이보근,KT,투수,우투,좌타,1,5000,20000,2005,현대,8
KT-15,이상동,KT,투수,우투,우타,1,8000,3200,2019,KT,0
KT-51,이정현,KT,투수,우투,우타,1,16000,3300,2017,KT,0
KT-113,이종혁,KT,투수,우투,우타,2,11000,3400,2017,KT,0
KT-21,이창재,KT,투수,우투,우타,1,12000,4700,2015,KT,0
KT-35,이홍구,KT,포수,우투,우타,2,11000,7000,2013,KIA,1
KT-102,임도혁,KT,투수,좌투,좌타,1,6000,2700,,,0
KT-22,장성우,KT,포수,우투,우타,1,20000,21000,2008,롯데,0
KT-31,전유수,KT,투수,우투,우타,2,1500,10500,2005,현대,0
KT-109,전진영,KT,외야수,우투,우타,1,0,2700,,,0
KT-106,정주원,KT,투수,우투,좌타,1,0,3000,,,0
KT-52,정주후,KT,내야수,우투,좌타,2,8000,3300,2015,KT,0
KT-42,조대현,KT,포수,우투,우타,2,4000,2700,,,0
KT-39,조병욱,KT,투수,우투,좌타,1,10000,4000,2017,KT,0
KT-23,조용호,KT,외야수,우투,우타,2,0,13000,2017,SK,4
KT-20,조한욱,KT,투수,우투,우타,1,15000,3000,2015,SK,0
KT-59,조현우,KT,투수,우투,좌타,1,10000,7500,2014,KT,0
KT-38,주권,KT,투수,우투,우타,1,30000,25000,2015,KT,4
KT-60,지명성,KT,투수,좌투,좌타,1,7000,3000,2021,KT,0
KT-54,천성호,KT,내야수,우투,우타,1,10000,4000,2020,KT,0
KT-101,최성민,KT,외야수,우투,우타,1,0,3000,,,0
KT-111,최태성,KT,외야수,우투,좌타,1,0,2700,,,0
KT-32,쿠에바스,KT,투수,좌투,좌타,2,250000,500000,2019,KT,0
KT-28,하준호,KT,투수,우투,좌타,2,16000,6000,2008,롯데,0
KT-18,한승지,KT,투수,우투,양타,1,9000,3000,2016,KT,0
KT-58,한차현,KT,투수,좌투,좌타,1,10000,3000,2021,KT,0
KT-17,허도환,KT,포수,우투,우타,1,0,7500,2007,두산,0
KT-8,홍현빈,KT,외야수,우투,우타,1,9000,3400,2017,KT,0
KT-10,황재균,KT,내야수,우투,우타,1,6000,80000,2006,현대,0
LG-105,강민,LG,투수,우투,우타,2,8000,3000,,,0
LG-43,강효종,LG,투수,우투,우타,1,20000,3000,2021,LG,0
LG-19,고우석,LG,투수,우투,우타,1,30000,18000,2017,LG,0
LG-15,고효준,LG,투수,좌투,좌타,1,11000,5000,2002,롯데,0
LG-2,구본혁,LG,내야수,우투,우타,1,5000,6300,2019,LG,4
LG-122,김기연,LG,포수,우투,우타,2,7000,3000,2017,LG,0
LG-69,김대유,LG,투수,좌투,좌타,1,6000,4000,2010,넥센,0
LG-109,김대현,LG,투수,우투,우타,2,27000,8000,2016,LG,0
LG-45,김대현,LG,투수,우투,우타,1,27000,8000,2016,LG,0
LG-16,김민성,LG,내야수,우투,우타,1,10000,40000,2007,롯데,0
LG-5,김용의,LG,내야수,우투,좌타,1,5000,10000,2008,두산,0
LG-106,김유민,LG,내야수,우투,우타,2,4000,3000,,,0
LG-57,김윤식,LG,투수,좌투,좌타,1,20000,5000,2020,LG,0
LG-12,김재성,LG,포수,우투,좌타,1,20000,3100,2015,LG,16
LG-62,김주성,LG,내야수,우투,우타,1,10000,3100,2016,LG,0
LG-48,김지용,LG,투수,우투,우타,1,4000,3000,,,0
LG-104,김지용,LG,투수,좌투,좌타,2,4000,3000,,,4
LG-54,김진수,LG,투수,우투,우타,1,10000,3000,2021,LG,16
LG-65,김태형,LG,투수,좌투,좌타,1,3000,3100,2018,LG,0
LG-22,김현수,LG,외야수,우투,좌타,1,0,100000,2006,두산,6
LG-103,김형욱,LG,내야수,우투,우타,2,6000,3000,,,0
LG-34,김호은,LG,내야수,우투,좌타,1,5000,5000,2020,LG,16
LG-44,라모스,LG,내야수,우투,좌타,1,200000,600000,2020,LG,0
LG-28,류원석,LG,투수,우언,우타,1,0,3300,2019,LG,0
LG-35,문보경,LG,내야수,우투,좌타,1,8000,3000,2021,LG,0
LG-123,문성주,LG,외야수,좌투,좌타,2,3000,3100,2018,LG,0
LG-112,박민호,LG,포수,우투,우타,2,3000,3000,,,0
LG-42,박재욱,LG,포수,우투,우타,1,3000,3800,2014,LG,0
LG-66,배재준,LG,투수,우투,우타,1,10000,3000,2016,LG,0
LG-61,백승현,LG,투수,우투,우타,1,7000,4000,2017,LG,0
LG-29,손주영,LG,투수,좌투,좌타,1,15000,3300,2017,LG,0
LG-50,손호영,LG,내야수,우투,우타,1,0,3700,2014,시카고컵스,0
LG-111,송승기,LG,투수,좌투,좌타,2,3000,3000,,,0
LG-46,송은범,LG,투수,우투,우타,1,40000,27000,2003,SK,0
LG-113,송찬의,LG,내야수,우투,우타,2,5000,2700,,,0
LG-36,수아레즈,LG,투수,좌투,좌타,1,200000,400000,2021,LG,0
LG-14,신민재,LG,내야수,우투,좌타,1,0,5500,2019,LG,0
LG-121,안익훈,LG,외야수,좌투,좌타,2,12000,5500,2015,LG,0
LG-64,오석주,LG,투수,우투,우타,1,6000,3100,2019,LG,0
LG-10,오지환,LG,내야수,우투,좌타,1,28000,60000,2009,LG,16
LG-27,유강남,LG,포수,우투,우타,1,4000,30000,2011,LG,8
LG-117,이동규,LG,내야수,우투,좌타,2,6000,3000,,,0
LG-26,이민호,LG,투수,우투,우타,1,30000,7000,2020,LG,0
LG-101,이믿음,LG,투수,우투,우타,2,7000,3000,,,0
LG-60,이상규,LG,투수,우투,우타,1,4000,4000,2019,LG,15
LG-30,이상영,LG,투수,좌투,좌타,1,15000,3100,2019,LG,16
LG-25,이상호,LG,내야수,우투,우타,1,0,9000,2013,NC,5
LG-4,이성우,LG,포수,우투,우타,1,0,8000,2003,상무,0
LG-0,이영빈,LG,내야수,우투,좌타,1,13000,3000,2021,LG,0
LG-37,이우찬,LG,투수,좌투,좌타,1,11000,5000,2011,LG,4
LG-52,이재원,LG,외야수,우투,우타,1,10000,3200,2020,LG,0
LG-31,이정용,LG,투수,우투,우타,1,20000,5000,2019,LG,8
LG-110,이정우,LG,외야수,우투,우타,2,3000,3000,,,0
LG-8,이주형,LG,내야수,우투,좌타,1,15000,3000,2020,LG,16
LG-39,이찬혁,LG,투수,우투,우타,1,8000,3100,2017,LG,0
LG-24,이천웅,LG,외야수,좌투,좌타,1,0,19000,2012,LG,0
LG-13,이형종,LG,외야수,우투,우타,1,43000,18000,2008,LG,8
LG-20,임정우,LG,투수,우투,우타,1,8000,10500,2011,SK,16
LG-59,임준형,LG,투수,좌투,좌타,1,4000,3000,2021,LG,0
LG-120,임지섭,LG,투수,좌투,좌타,2,25000,3000,2014,LG,0
LG-1,임찬규,LG,투수,우투,우타,1,30000,22000,2011,LG,0
LG-32,장준원,LG,내야수,우투,우타,1,10000,4500,2014,LG,0
LG-18,정우영,LG,투수,우언,우타,1,10000,18000,2019,LG,0
LG-7,정주현,LG,내야수,우투,우타,1,6000,14000,2009,LG,0
LG-11,정찬헌,LG,투수,우투,우타,1,30000,20000,2008,LG,0
LG-63,조건희,LG,투수,좌투,좌타,1,7000,3000,2021,LG,0
LG-114,조용근,LG,투수,우투,우타,2,0,3000,,,0
LG-21,진해수,LG,투수,좌투,좌타,1,4000,25000,2006,KIA,6
LG-23,차우찬,LG,투수,좌투,좌타,1,15000,30000,2006,삼성,6
LG-55,채은성,LG,외야수,우투,우타,1,0,30000,2014,LG,16
LG-67,채지선,LG,투수,우투,좌타,1,14000,3500,2015,두산,0
LG-17,최동환,LG,투수,우투,우타,1,12000,12000,2009,LG,0
LG-38,최민창,LG,외야수,좌투,좌타,1,10000,3100,2015,LG,0
LG-56,최성훈,LG,투수,좌투,좌타,1,11000,7200,2012,LG,0
LG-100,최우혁,LG,포수,우투,우타,2,3000,3000,,,0
LG-68,최현준,LG,내야수,우투,좌타,1,8000,3000,2018,LG,0
LG-3,켈리,LG,투수,우투,우타,1,300000,700000,2019,LG,0
LG-107,하영진,LG,투수,우투,우타,2,6000,3000,,,0
LG-58,한석현,LG,외야수,좌투,좌타,1,5000,3200,2020,LG,0
LG-40,한선태,LG,투수,우언,우타,1,3000,3200,2019,LG,4
LG-53,함덕주,LG,투수,좌투,좌타,1,6000,16500,2013,두산,0
LG-108,함창건,LG,외야수,좌투,좌타,2,5000,3000,,,0
LG-51,홍창기,LG,외야수,우투,좌타,1,8000,10000,2016,LG,4
키움-65,김동욱,키움,투수,우투,우타,2,2000,3000,,,0
키움-98,김동은,키움,투수,우투,우타,2,3000,3000,,,0
키움-60,김동혁,키움,투수,우투,우타,1,8000,3000,2020,키움,0
키움-4,김병휘,키움,내야수,우투,우타,1,7000,3000,2020,키움,0
키움-49,김선기,키움,투수,우투,우타,1,0,5300,2009,시애틀,0
키움-21,김성민,키움,투수,좌투,좌타,1,13000,6000,2017,SK,0
키움-34,김성진,키움,투수,우투,좌타,1,7000,3000,2021,키움,0
키움-46,김수환,키움,내야수,우투,우타,1,6000,3000,2018,넥센,0
키움-03,김시앙,키움,포수,우투,우타,2,5000,3000,,,0
키움-58,김신회,키움,외야수,좌투,좌타,1,3000,3000,2019,키움,0
키움-1,김웅빈,키움,내야수,우투,좌타,1,8000,5600,2016,넥센,3
키움-37,김은성,키움,내야수,우투,우타,1,0,3000,2019,키움,0
키움-67,김인범,키움,투수,우투,우타,2,7000,3000,,,0
키움-28,김재웅,키움,투수,좌투,좌타,1,5000,5200,2019,키움,0
키움-32,김재현,키움,포수,우투,우타,1,3000,7000,2012,넥센,0
키움-61,김정인,키움,투수,우투,우타,1,6000,3200,2015,넥센,0
키움-26,김정후,키움,투수,우투,우타,1,3000,3200,2011,상무,0
키움-6,김주형,키움,내야수,우투,우타,1,2000,3700,2019,키움,0
키움-93,김준형,키움,투수,우투,우타,2,8000,3000,,,0
키움-17,김태훈,키움,투수,우투,우타,1,2000,10000,2012,넥센,0
키움-04,김현우,키움,외야수,우투,우타,2,5000,3000,,,0
키움-3,김혜성,키움,내야수,우투,좌타,1,13000,17000,2017,넥센,1
키움-44,김휘집,키움,내야수,우투,우타,1,10000,3000,2021,키움,0
키움-10,문성현,키움,투수,우투,우타,1,8000,4500,2010,넥센,0
키움-22,문찬종,키움,내야수,우투,양타,1,0,3000,2010,휴스턴,0
키움-97,박관진,키움,투수,우투,우타,1,6000,3000,2020,키움,0
키움-27,박동원,키움,포수,우투,우타,1,6000,23000,2009,히어로즈,0
키움-92,박동혁,키움,외야수,우투,우타,2,3000,3000,,,0
키움-52,박병호,키움,내야수,우투,우타,1,33000,150000,2005,LG,6
키움-08,박성우,키움,포수,우투,우타,2,0,2700,,,0
키움-12,박승주,키움,투수,우투,우타,1,0,3000,2017,넥센,0
키움-9,박정음,키움,외야수,좌투,좌타,1,6000,4300,2012,넥센,0
키움-42,박주성,키움,투수,우투,우타,1,15000,3000,2019,키움,0
키움-45,박주현,키움,투수,우투,우타,1,9000,3500,2015,넥센,0
키움-57,박주홍,키움,외야수,좌투,좌타,1,20000,3000,2020,키움,0
키움-23,박준태,키움,외야수,우투,좌타,1,6000,11000,2014,KIA,0
키움-25,박준형,키움,포수,우투,우타,2,5000,3000,,,0
키움-2,변상권,키움,외야수,우투,좌타,1,0,3500,2020,키움,0
키움-8,브리검,키움,투수,우투,우타,1,0,480000,2017,넥센,0
키움-14,서건창,키움,내야수,우투,좌타,1,0,22500,2008,LG,0
키움-53,송우현,키움,외야수,좌투,좌타,1,7000,3000,2015,넥센,0
키움-5,신준우,키움,내야수,우투,우타,1,9000,3000,2021,키움,0
키움-41,안우진,키움,투수,우투,우타,1,60000,9000,2018,넥센,1
키움-05,양경식,키움,내야수,우투,우타,1,4000,3000,,,0
키움-55,양기현,키움,투수,우투,좌타,2,9000,4000,2019,키움,3
키움-39,양현,키움,투수,우투,우타,1,3000,12000,2011,두산,0
키움-40,오윤성,키움,투수,우언,우타,1,7000,3000,2017,넥센,0
키움-15,오주원,키움,투수,우투,우타,1,15100,20000,2004,현대,0
키움-43,요키시,키움,투수,좌투,좌타,1,0,750000,2019,키움,0
키움-99,윤정현,키움,투수,좌투,우타,1,0,3500,2013,볼티모어,0
키움-66,이명기,키움,내야수,좌투,좌타,1,6000,3000,,,0
키움-36,이병규,키움,내야수,우투,우타,2,4000,3000,,,0
키움-33,이승호,키움,투수,우투,좌타,2,15000,10000,2018,넥센,14
키움-64,이영준,키움,투수,좌투,좌타,1,5000,7500,2014,KT,1
키움-19,이용규,키움,외야수,좌투,좌타,1,0,10000,2004,LG,1
키움-07,이재홍,키움,내야수,좌투,좌타,1,3000,3000,,,0
키움-51,이정후,키움,외야수,우투,우타,2,20000,55000,2017,넥센,0
키움-54,이종민,키움,투수,우투,좌타,1,11000,3000,2020,키움,0
키움-02,이주형,키움,외야수,좌투,좌타,1,6000,3000,,,0
키움-56,이지영,키움,포수,좌투,좌타,2,0,30000,2009,삼성,15
키움-47,임규빈,키움,투수,우투,우타,1,3000,4500,2019,키움,0
키움-29,임지열,키움,외야수,우투,우타,1,11000,3000,2014,넥센,3
키움-59,장재영,키움,투수,우투,우타,1,90000,3000,2021,키움,0
키움-62,전병우,키움,내야수,우투,우타,1,9000,6000,2018,롯데,0
키움-06,정연제,키움,투수,우투,우타,1,3000,3000,,,0
키움-94,정재원,키움,외야수,우투,좌타,2,4000,3000,,,0
키움-91,조범준,키움,투수,우투,우타,2,4000,3000,,,0
키움-11,조상우,키움,투수,우투,우타,2,25000,33000,2013,넥센,0
키움-13,조성운,키움,투수,우투,우타,1,4000,4500,2013,넥센,0
키움-35,조영건,키움,투수,우투,우타,1,10000,3800,2019,키움,0
키움-30,차재용,키움,투수,우투,우타,1,10000,3000,2015,롯데,0
키움-48,최규보,키움,투수,우투,좌타,1,8000,3000,,,0
키움-20,최원태,키움,투수,좌투,좌타,1,35000,29000,2015,넥센,3
키움-24,프레이타스,키움,내야수,우투,우타,2,0,550000,2021,키움,0
키움-63,한현희,키움,투수,우투,우타,1,23000,29000,2012,넥센,0
키움-31,허정협,키움,외야수,우투,우타,1,0,7000,2015,넥센,0
KIA-60,고영창,KIA,투수,우투,우타,1,5000,5200,2013,KIA,0
KIA-40,권혁경,KIA,포수,우투,우타,1,7000,3000,2021,KIA,0
KIA-14,김규성,KIA,내야수,우투,좌타,1,4000,4500,2017,KIA,0
KIA-47,김명찬,KIA,투수,좌투,좌타,1,6000,3500,2015,KIA,0
KIA-24,김민식,KIA,포수,우투,좌타,1,14000,8500,2012,SK,8
KIA-3,김선빈,KIA,내야수,우투,우타,1,3000,45000,2008,KIA,10
KIA-044,김선우,KIA,포수,우투,우타,2,3000,3000,,,0
KIA-013,김양수,KIA,투수,우투,우타,2,6000,3000,,,0
KIA-07,김연준,KIA,외야수,좌투,좌타,2,0,3000,,,0
KIA-64,김영환,KIA,내야수,우투,좌타,1,0,3300,2014,KT,0
KIA-66,김원경,KIA,내야수,우투,우타,1,5000,3000,2021,KIA,0
KIA-49,김유신,KIA,투수,좌투,좌타,1,14000,3000,2018,KIA,0
KIA-28,김윤동,KIA,투수,우투,우타,1,8000,10000,2012,KIA,1
KIA-61,김재열,KIA,투수,우투,우타,1,3000,3200,2020,KIA,2
KIA-5,김태진,KIA,내야수,우투,좌타,1,8000,8500,2014,NC,4
KIA-56,김현수,KIA,투수,우투,우타,1,9000,3500,2019,롯데,2
KIA-38,김현준,KIA,투수,우투,우타,1,18000,3100,2016,KIA,0
KIA-53,김호령,KIA,외야수,우투,우타,1,3000,7300,2015,KIA,0
KIA-6,나주환,KIA,내야수,우투,우타,1,10000,10000,2003,두산,0
KIA-29,나지완,KIA,외야수,우투,우타,1,10000,40000,2008,KIA,0
KIA-26,남재현,KIA,투수,우투,좌타,1,10000,3200,2016,KIA,0
KIA-8,류지혁,KIA,내야수,우투,좌타,1,7000,10000,2012,두산,1
KIA-15,멩덴,KIA,투수,우투,우타,1,300000,425000,2021,KIA,0
KIA-27,문선재,KIA,외야수,우투,우타,1,5000,4000,2009,LG,16
KIA-45,박건우,KIA,투수,우투,우타,1,13000,3000,2021,KIA,0
KIA-019,박대명,KIA,투수,우투,우타,2,3000,3000,,,0
KIA-57,박민,KIA,내야수,우투,우타,1,15000,3000,2020,KIA,0
KIA-0,박정우,KIA,외야수,좌투,좌타,1,5000,3000,2021,KIA,0
KIA-31,박준표,KIA,투수,우언,우타,1,4000,16000,2013,KIA,1
KIA-46,박진태,KIA,투수,우투,우타,1,11000,5000,2017,KIA,0
KIA-25,박찬호,KIA,내야수,우투,우타,1,8000,10000,2014,KIA,0
KIA-017,백미카엘,KIA,투수,좌투,좌타,2,5000,3000,,,0
KIA-12,백용환,KIA,포수,우투,우타,1,4000,4000,2008,KIA,0
KIA-02,백현종,KIA,포수,우투,우타,2,4000,3000,,,0
KIA-63,변시원,KIA,투수,우언,우타,1,13000,4000,2012,두산,0
KIA-36,브룩스,KIA,투수,우투,우타,1,200000,1000000,2020,KIA,0
KIA-55,서덕원,KIA,투수,우투,우타,1,6000,3100,2016,KIA,0
KIA-01,송후섭,KIA,투수,우투,우타,2,6000,3000,,,0
KIA-1,심동섭,KIA,투수,좌투,좌타,1,18000,8000,2010,KIA,0
KIA-045,양승철,KIA,투수,우투,우타,2,6000,3200,2019,KIA,0
KIA-022,오규석,KIA,투수,우투,우타,2,8000,3000,,,0
KIA-59,오선우,KIA,외야수,좌투,좌타,1,5000,3400,2019,KIA,8
KIA-30,유민상,KIA,내야수,우투,좌타,1,5000,10500,2012,두산,0
KIA-19,윤중현,KIA,투수,우투,우타,1,4000,3000,2021,KIA,0
KIA-105,이동건,KIA,포수,우투,좌타,2,0,3100,,,0
KIA-11,이민우,KIA,투수,우투,우타,1,24000,6000,2017,KIA,2
KIA-68,이승재,KIA,투수,우투,우타,1,8000,3000,2021,KIA,0
KIA-027,이영재,KIA,외야수,우투,우타,2,6000,3000,,,0
KIA-37,이우성,KIA,외야수,우투,우타,1,12000,4100,2013,두산,0
KIA-48,이의리,KIA,투수,좌투,좌타,1,30000,3000,2021,KIA,6
KIA-08,이인한,KIA,외야수,우투,우타,2,3000,3000,,,0
KIA-32,이정훈,KIA,포수,우투,좌타,1,3000,3000,2017,KIA,0
KIA-011,이준범,KIA,내야수,우투,우타,2,3000,3000,,,0
KIA-20,이준영,KIA,투수,좌투,좌타,1,8000,6000,2015,KIA,9
KIA-012,이준형,KIA,투수,우투,우타,2,0,3500,2014,KT,0
KIA-10,이진영,KIA,외야수,우투,우타,1,5000,3600,2016,KIA,0
KIA-13,이창진,KIA,외야수,우투,우타,1,5000,7000,2014,롯데,8
KIA-17,임기영,KIA,투수,우언,우타,1,11000,10000,2012,한화,0
KIA-65,장민기,KIA,투수,좌투,좌타,1,10000,3000,2021,KIA,0
KIA-04,장시현,KIA,내야수,우투,우타,2,4000,3000,,,0
KIA-33,장영석,KIA,내야수,우투,우타,1,13000,6000,2009,히어로즈,1
KIA-040,장재혁,KIA,투수,우투,우타,2,5000,3000,,,0
KIA-50,장현식,KIA,투수,우투,우타,1,15000,10500,2013,NC,0
KIA-51,전상현,KIA,투수,우투,우타,1,7000,14000,2016,KIA,9
KIA-62,정해영,KIA,투수,우투,우타,1,20000,7000,2020,KIA,4
KIA-58,차명진,KIA,투수,우투,우타,1,25000,3300,2014,KIA,0
KIA-05,최승주,KIA,내야수,우투,좌타,2,4000,3000,,,0
KIA-050,최용준,KIA,투수,우투,우타,2,3000,3000,,,0
KIA-16,최원준,KIA,외야수,우투,좌타,1,15000,13000,2016,KIA,0
KIA-23,최정민,KIA,내야수,우투,좌타,1,6000,3500,2012,SK,0
KIA-41,최정용,KIA,내야수,우투,좌타,1,11000,3800,2015,삼성,0
KIA-34,최형우,KIA,외야수,우투,좌타,1,5000,90000,2002,삼성,10
KIA-22,터커,KIA,내야수,좌투,좌타,1,350000,700000,2019,KIA,0
KIA-39,하준영,KIA,투수,좌투,좌타,1,11000,5000,2018,KIA,0
KIA-42,한승택,KIA,포수,우투,우타,1,9000,8500,2013,한화,1
KIA-09,한준수,KIA,포수,우투,좌타,2,16000,3100,2018,KIA,0
KIA-21,홍상삼,KIA,투수,우투,좌타,1,8000,9000,2008,두산,1
KIA-43,홍원빈,KIA,투수,우투,우타,1,13000,3000,2019,KIA,0
KIA-52,황대인,KIA,내야수,우투,우타,1,16000,4300,2015,KIA,0
KIA-2,황윤호,KIA,내야수,우투,우타,1,3000,4500,2012,NC,9
KIA-35,황인준,KIA,투수,우투,우타,1,7000,3400,2018,KIA,2
롯데-66,강동호,롯데,투수,우투,우타,1,8000,3500,2017,롯데,0
롯데-1,강로한,롯데,외야수,우투,좌타,1,4000,3700,2015,롯데,0
롯데-27,강태율,롯데,포수,우투,우타,1,15000,3200,2015,롯데,0
롯데-22,구승민,롯데,투수,우투,우타,1,5000,15000,2014,롯데,0
롯데-97,권동현,롯데,투수,우투,우타,2,2000,3000,,,0
롯데-24,김강현,롯데,포수,우투,좌타,1,0,3000,2016,롯데,0
롯데-42,김건국,롯데,투수,우투,우타,1,13000,6000,2006,두산,0
롯데-41,김대우,롯데,투수,우투,좌타,1,10000,5000,2005,상무,0
롯데-23,김도규,롯데,투수,우투,우타,2,9000,3000,2018,롯데,0
롯데-37,김동규,롯데,투수,우투,우타,1,6000,3000,2020,롯데,0
롯데-57,김동우,롯데,투수,우투,우타,1,8000,3000,2018,롯데,0
롯데-5,김민수,롯데,내야수,우투,우타,1,11000,3200,2017,롯데,2
롯데-34,김원중,롯데,투수,우투,좌타,1,15000,17000,2012,롯데,0
롯데-55,김유영,롯데,투수,좌투,좌타,1,20000,4500,2014,롯데,0
롯데-12,김재유,롯데,외야수,우투,좌타,1,0,4200,2015,롯데,0
롯데-96,김정주,롯데,투수,우투,우타,2,3000,3000,,,0
롯데-50,김주현,롯데,내야수,좌투,좌타,1,16000,3100,2016,한화,0
롯데-44,김준태,롯데,포수,우투,좌타,1,0,6500,2013,롯데,2
롯데-16,김진욱,롯데,투수,좌투,좌타,1,37000,3000,2021,롯데,0
롯데-86,김창훈,롯데,투수,우투,우타,1,8000,3000,2021,롯데,0
롯데-43,나균안,롯데,투수,우투,우타,1,15000,4300,2017,롯데,2
롯데-51,나승엽,롯데,내야수,우투,좌타,1,50000,3000,2021,롯데,4
롯데-52,나원탁,롯데,외야수,우투,우타,1,10000,3000,2017,삼성,0
롯데-38,노경은,롯데,투수,우투,우타,1,35000,20000,2003,두산,0
롯데-6,마차도,롯데,내야수,우투,우타,1,150000,500000,2020,롯데,0
롯데-3,민병헌,롯데,외야수,우투,우타,1,12000,50000,2006,두산,0
롯데-61,박명현,롯데,투수,우투,우타,1,9000,3200,2020,롯데,0
롯데-32,박세웅,롯데,투수,우투,우타,1,20000,16500,2014,KT,3
롯데-65,박영완,롯데,투수,우투,좌타,2,6000,3200,2019,롯데,0
롯데-63,박재민,롯데,투수,좌투,좌타,1,11000,3000,2020,롯데,0
롯데-30,박종무,롯데,투수,우투,우타,1,11000,3300,2016,롯데,0
롯데-90,박진,롯데,투수,우투,우타,2,8000,0,2019,롯데,0
롯데-40,박진형,롯데,투수,우투,우타,1,10000,12000,2015,롯데,2
롯데-2,배성근,롯데,내야수,우투,우타,1,7000,3200,2019,롯데,0
롯데-39,서준원,롯데,투수,우언,우타,1,35000,8500,2019,롯데,2
롯데-28,손성빈,롯데,포수,우투,우타,1,15000,3000,2021,롯데,0
롯데-31,손아섭,롯데,외야수,우투,좌타,1,8000,50000,2007,롯데,4
롯데-21,송승준,롯데,투수,우투,우타,1,20000,5000,1999,보스턴,0
롯데-94,송재영,롯데,투수,좌투,좌타,1,6000,3000,2021,롯데,0
롯데-58,스트레일리,롯데,투수,우투,우타,1,300000,900000,2020,롯데,0
롯데-68,신용수,롯데,외야수,우투,우타,1,3000,3400,2019,롯데,0
롯데-13,안치홍,롯데,내야수,우투,우타,1,18000,29000,2009,KIA,6
롯데-59,엄태호,롯데,외야수,우투,좌타,2,6000,3100,,,0
롯데-4,오윤석,롯데,내야수,우투,우타,1,0,6000,2015,롯데,0
롯데-15,오현택,롯데,투수,우언,우타,1,0,7500,2009,두산,0
롯데-26,우강훈,롯데,투수,우투,우타,2,4000,3000,,,0
롯데-69,윤성빈,롯데,투수,우투,우타,1,45000,3100,2017,롯데,0
롯데-10,이대호,롯데,내야수,우투,우타,1,21000,80000,2001,롯데,2
롯데-7,이병규,롯데,내야수,좌투,좌타,1,0,5500,2006,LG,16
롯데-92,이병준,롯데,투수,우투,우타,2,3000,3000,,,0
롯데-47,이승헌,롯데,투수,우투,우타,1,18000,4200,2018,롯데,2
롯데-35,이인복,롯데,투수,우투,우타,1,12000,4800,2014,롯데,0
롯데-60,이주찬,롯데,내야수,우투,우타,1,0,3000,2021,롯데,0
롯데-19,이호연,롯데,내야수,우투,좌타,1,6000,3000,2018,롯데,0
롯데-49,장두성,롯데,외야수,우투,좌타,1,3000,3000,2021,롯데,0
롯데-8,전준우,롯데,내야수,우투,우타,1,10000,50000,2008,롯데,5
롯데-62,정보근,롯데,포수,우투,우타,1,3000,3700,2019,롯데,2
롯데-46,정우준,롯데,투수,우투,우타,1,5000,3000,2021,롯데,0
롯데-14,정태승,롯데,투수,좌투,좌타,1,0,3200,2012,롯데,0
롯데-9,정훈,롯데,내야수,우투,우타,1,0,10000,2010,롯데,2
롯데-33,지시완,롯데,포수,우투,우타,1,0,3500,2014,한화,0
롯데-48,진명호,롯데,투수,우투,좌타,1,15000,7500,2009,롯데,0
롯데-53,최민재,롯데,외야수,우투,좌타,1,7000,3100,2018,SK,0
롯데-45,최영환,롯데,투수,우투,우타,1,15000,3500,2014,한화,0
롯데-64,최우인,롯데,투수,우투,우타,2,3000,3000,,,0
롯데-74,최종은,롯데,내야수,우투,우타,2,0,2700,,,0
롯데-56,최준용,롯데,투수,우투,우타,1,25000,4200,2020,롯데,0
롯데-36,추재현,롯데,외야수,좌투,좌타,1,8000,3400,2018,넥센,3
롯데-67,프랑코,롯데,투수,우투,우타,1,55000,245000,2021,롯데,0
롯데-25,한동희,롯데,내야수,우투,우타,1,18000,11000,2018,롯데,2
롯데-29,한승혁,롯데,투수,좌투,좌타,1,14000,3400,2016,롯데,0
롯데-18,홍민기,롯데,투수,좌투,좌타,1,16000,3100,2020,롯데,0
롯데-54,홍지훈,롯데,내야수,우투,우타,2,6000,3000,,,0
삼성-47,강민호,삼성,포수,우투,우타,1,9000,50000,2004,롯데,3
삼성-6,강한울,삼성,내야수,우투,좌타,1,14000,12000,2014,KIA,0
삼성-5,구자욱,삼성,외야수,우투,좌타,1,13000,36000,2012,삼성,15
삼성-19,구준범,삼성,투수,좌투,좌타,1,6000,3100,2016,삼성,0
삼성-48,권정웅,삼성,포수,우투,우타,1,6000,4000,2016,삼성,0
삼성-102,김결의,삼성,포수,우투,우타,2,3000,3000,,,0
삼성-105,김경민,삼성,내야수,우투,우타,2,3000,3100,,,0
삼성-17,김대우,삼성,투수,우언,우타,1,2000,15500,2011,넥센,0
삼성-42,김도환,삼성,포수,우투,우타,1,11000,5200,2019,삼성,1
삼성-38,김동엽,삼성,외야수,우투,우타,1,0,21000,2009,시카고컵스,0
삼성-103,김동진,삼성,내야수,우투,좌타,2,6000,3000,,,0
삼성-106,김동찬,삼성,투수,우투,우타,2,0,3000,,,0
삼성-12,김민수,삼성,포수,우투,우타,1,11000,4700,2014,한화,4
삼성-7,김상수,삼성,내야수,우투,우타,1,28000,25000,2009,삼성,15
삼성-67,김성윤,삼성,외야수,좌투,좌타,1,7000,3300,2017,삼성,0
삼성-9,김성표,삼성,내야수,우투,우타,1,6000,3300,2013,삼성,0
삼성-109,김세민,삼성,포수,우투,우타,2,4000,3000,,,0
삼성-25,김윤수,삼성,투수,우투,우타,1,5000,8000,2019,삼성,0
삼성-27,김응민,삼성,포수,우투,우타,1,0,4900,2012,두산,0
삼성-0,김재현,삼성,내야수,우투,우타,1,6000,5000,2014,삼성,0
삼성-104,김준우,삼성,투수,우투,우타,2,5000,3100,,,0
삼성-58,김지찬,삼성,내야수,우투,좌타,1,11000,7000,2020,삼성,3
삼성-115,김태수,삼성,내야수,우투,우타,2,5000,3000,,,0
삼성-34,김헌곤,삼성,외야수,우투,우타,1,7000,16000,2011,삼성,0
삼성-117,김현준,삼성,외야수,좌투,좌타,2,3000,3000,,,0
삼성-8,김호재,삼성,내야수,우투,우타,1,0,6000,2018,삼성,0
삼성-37,노성호,삼성,투수,좌투,좌타,1,30000,7000,2012,NC,0
삼성-39,라이블리,삼성,투수,우투,우타,1,0,500000,2019,삼성,0
삼성-50,박세웅,삼성,투수,좌투,좌타,1,7000,3000,2016,SK,0
삼성-65,박승규,삼성,외야수,우투,우타,1,3000,5700,2019,삼성,15
삼성-101,박주혁,삼성,투수,우투,우타,2,6000,3100,,,0
삼성-13,박해민,삼성,외야수,우투,좌타,1,0,38000,2012,삼성,1
삼성-24,백승민,삼성,내야수,좌투,좌타,1,3000,4700,2018,삼성,0
삼성-29,백정현,삼성,투수,좌투,좌타,1,15000,25500,2007,삼성,15
삼성-41,봉민호,삼성,투수,좌투,좌타,1,4000,3000,2018,SK,0
삼성-4,뷰캐넌,삼성,투수,우투,우타,1,100000,900000,2020,삼성,0
삼성-52,송준석,삼성,외야수,좌투,좌타,1,9000,5000,2014,삼성,0
삼성-18,심창민,삼성,투수,우언,우타,1,20000,28000,2011,삼성,0
삼성-14,안주형,삼성,내야수,우투,좌타,1,0,3300,2017,삼성,0
삼성-31,양우현,삼성,내야수,우투,좌타,1,8000,3300,2019,삼성,0
삼성-15,양창섭,삼성,투수,우투,우타,1,26000,5000,2018,삼성,12
삼성-21,오승환,삼성,투수,우투,우타,1,18000,110000,2005,삼성,10
삼성-44,오재일,삼성,내야수,좌투,좌타,1,8000,60000,2005,현대,6
삼성-66,오현석,삼성,내야수,우투,좌타,1,8000,3000,2021,삼성,16
삼성-2,우규민,삼성,투수,우언,우타,1,12000,20000,2003,LG,6
삼성-46,원태인,삼성,투수,우투,우타,1,35000,13000,2019,삼성,4
삼성-111,이기용,삼성,투수,좌투,좌타,2,3000,3000,,,0
삼성-59,이상민,삼성,투수,좌투,좌타,1,4000,4000,2013,NC,0
삼성-55,이성곤,삼성,외야수,우투,좌타,1,10000,5400,2014,두산,0
삼성-26,이성규,삼성,내야수,우투,우타,1,8000,7000,2016,삼성,0
삼성-100,이수민,삼성,투수,좌투,좌타,2,20000,3100,2014,삼성,0
삼성-64,이승민,삼성,투수,좌투,좌타,1,7000,3700,2020,삼성,0
삼성-54,이승현,삼성,투수,좌투,좌타,1,35000,3000,2021,삼성,0
삼성-20,이승현,삼성,투수,우투,우타,1,35000,3000,2021,삼성,0
삼성-16,이원석,삼성,내야수,우투,우타,1,13000,30000,2005,롯데,1
삼성-45,이재익,삼성,투수,좌투,좌타,1,4000,3200,2020,삼성,0
삼성-60,이재희,삼성,투수,우투,좌타,1,15000,3000,2021,삼성,0
삼성-107,이창용,삼성,내야수,우투,우타,2,4000,3000,,,0
삼성-35,이태훈,삼성,외야수,우투,우타,1,7000,3000,2018,삼성,0
삼성-53,이학주,삼성,내야수,우투,좌타,1,0,7000,2009,시카고컵스,10
삼성-116,이해승,삼성,내야수,우투,우타,2,4000,3200,,,0
삼성-3,이현동,삼성,외야수,우투,우타,1,17000,3000,2012,삼성,0
삼성-28,임대한,삼성,투수,우투,좌타,1,9000,4000,2016,삼성,0
삼성-57,임현준,삼성,투수,좌언,좌타,1,8000,10000,2011,삼성,0
삼성-43,장지훈,삼성,투수,우투,우타,1,18000,4200,2017,삼성,0
삼성-23,장필준,삼성,투수,우투,우타,1,0,16500,2007,상무,1
삼성-119,조경원,삼성,투수,좌투,좌타,2,5000,3100,,,0
삼성-68,주한울,삼성,외야수,우투,우타,1,7000,3000,2021,삼성,0
삼성-00,최선호,삼성,외야수,좌투,좌타,2,5000,3800,2015,삼성,0
삼성-32,최영진,삼성,내야수,우투,우타,1,0,7500,2012,LG,4
삼성-40,최지광,삼성,투수,우투,우타,1,13000,12000,2017,삼성,0
삼성-56,최채흥,삼성,투수,좌투,좌타,1,30000,16000,2018,삼성,0
삼성-51,최충연,삼성,투수,우투,우타,1,28000,4500,2016,삼성,0
삼성-63,피렐라,삼성,외야수,우투,우타,1,100000,500000,2021,삼성,0
삼성-112,한연욱,삼성,투수,우투,우타,2,3000,3200,,,0
삼성-49,허윤동,삼성,투수,좌투,좌타,1,15000,4500,2020,삼성,0
삼성-62,홍무원,삼성,투수,우투,우타,1,10000,3000,2021,삼성,0
삼성-108,홍승원,삼성,투수,우투,우타,2,5000,3000,,,0
삼성-30,홍원표,삼성,투수,우투,우타,1,8000,3100,2020,삼성,0
삼성-11,홍정우,삼성,투수,우투,우타,1,8000,4500,2016,경찰,0
삼성-61,황동재,삼성,투수,우투,우타,1,23000,3100,2020,삼성,4
SSG-99,강지광,SSG,투수,우투,우타,1,10000,3000,2009,LG,0
SSG-68,고명준,SSG,내야수,우투,우타,1,9000,3000,2021,SK,0
SSG-38,고종욱,SSG,외야수,우투,좌타,1,8000,11000,2011,넥센,1
SSG-07,권혁찬,SSG,내야수,우투,좌타,2,2000,3000,,,0
SSG-61,길지석,SSG,투수,우투,우타,2,4000,3000,,,0
SSG-0,김강민,SSG,외야수,우투,우타,1,11000,20000,2001,SK,7
SSG-67,김건우,SSG,투수,좌투,좌타,1,20000,3000,2021,SK,0
SSG-56,김경호,SSG,외야수,우투,좌타,1,3000,3000,2014,두산,0
SSG-49,김민재,SSG,외야수,우투,우타,2,5000,3000,2020,SK,0
SSG-31,김상수,SSG,투수,우투,우타,1,13000,30000,2006,삼성,15
SSG-5,김성민,SSG,내야수,우투,우타,1,10000,3000,2020,SK,0
SSG-16,김성현,SSG,내야수,우투,우타,1,7000,25000,2006,SK,7
SSG-33,김세현,SSG,투수,우투,우타,1,10000,8000,2006,현대,0
SSG-21,김정빈,SSG,투수,좌투,좌타,1,8000,4000,2015,SK,0
SSG-57,김주온,SSG,투수,우투,우타,1,5000,3000,2020,SK,0
SSG-9,김찬호,SSG,투수,우투,우타,2,7000,3000,2016,SK,0
SSG-32,김창평,SSG,외야수,우투,좌타,1,15000,3000,2019,SK,0
SSG-51,김태훈,SSG,투수,좌투,좌타,1,10000,16000,2009,SK,4
SSG-43,김택형,SSG,투수,좌투,좌타,1,10000,3000,2015,넥센,0
SSG-40,김표승,SSG,투수,우언,우타,2,7000,3000,,,0
SSG-52,남태혁,SSG,내야수,우투,우타,1,0,3000,2009,LA다저스,0
SSG-27,로맥,SSG,내야수,우투,우타,1,0,900000,2017,SK,0
SSG-69,류효승,SSG,외야수,우투,우타,1,5000,3000,2020,SK,0
SSG-34,르위키,SSG,투수,우투,우타,1,100000,550000,2021,SK,0
SSG-42,문승원,SSG,투수,우투,우타,1,18000,30000,2012,SK,7
SSG-41,박민호,SSG,투수,우언,우타,1,10000,11000,2014,SK,8
SSG-2,박성한,SSG,내야수,우투,좌타,1,9000,3000,2017,SK,0
SSG-64,박시후,SSG,투수,좌투,좌타,2,2000,3000,,,0
SSG-60,박정빈,SSG,외야수,우투,우타,2,5000,3000,,,0
SSG-05,박제범,SSG,포수,우투,우타,2,3000,3000,,,0
SSG-50,박종훈,SSG,투수,우언,우타,1,10000,32000,2010,SK,7
SSG-03,박형준,SSG,외야수,우투,우타,2,4000,3000,,,0
SSG-37,서동민,SSG,투수,우투,우타,1,6000,3000,2020,SK,0
SSG-22,서진용,SSG,투수,우투,우타,1,0,17000,2013,상무,8
SSG-45,신동민,SSG,투수,우투,좌타,2,5000,3000,,,0
SSG-11,신재웅,SSG,투수,좌투,좌타,1,6000,5500,2005,LG,0
SSG-46,양선률,SSG,투수,우투,우타,2,0,3000,2020,SK,0
SSG-47,오원석,SSG,투수,좌투,좌타,1,20000,3000,2020,SK,0
SSG-39,오준혁,SSG,외야수,우투,좌타,1,3000,4000,2011,한화,0
SSG-24,오태곤,SSG,외야수,우투,우타,1,9000,8500,2010,롯데,0
SSG-7,유서준,SSG,외야수,우투,우타,1,11000,3000,2014,SK,0
SSG-01,유호식,SSG,투수,우투,우타,2,8000,3000,,,0
SSG-23,이건욱,SSG,투수,우투,우타,1,20000,6000,2014,SK,0
SSG-8,이재록,SSG,외야수,우투,좌타,2,4000,3000,,,0
SSG-115,이재성,SSG,투수,좌투,좌타,2,6000,3000,,,0
SSG-20,이재원,SSG,포수,우투,우타,1,25000,110000,2006,SK,6
SSG-58,이정범,SSG,외야수,좌투,좌타,2,6000,3000,,,0
SSG-59,이채호,SSG,투수,우언,우타,1,5000,3000,2018,SK,0
SSG-15,이태양,SSG,투수,우투,좌타,1,7000,10000,2010,한화,0
SSG-25,이현석,SSG,포수,우투,우타,1,20000,3000,2015,SK,0
SSG-55,이흥련,SSG,포수,우투,우타,1,7000,6000,2013,삼성,15
SSG-00,임석진,SSG,내야수,우투,우타,1,13000,3000,2016,SK,0
SSG-04,장우준,SSG,투수,우투,우타,2,3000,3000,,,0
SSG-95,장지훈,SSG,투수,우투,우타,1,6000,3000,2021,SK,0
SSG-96,전의산,SSG,내야수,우투,좌타,1,13000,3000,2021,SK,0
SSG-62,정동윤,SSG,투수,우투,좌타,1,20000,3000,2016,SK,0
SSG-28,정상호,SSG,포수,우투,우타,2,45000,6000,2001,SK,0
SSG-36,정수민,SSG,투수,우투,우타,1,0,3600,2008,시카고컵스,0
SSG-18,정영일,SSG,투수,우투,우타,1,0,6500,2007,LA에인절스,4
SSG-10,정의윤,SSG,외야수,우투,우타,1,23000,30000,2005,LG,0
SSG-19,정진기,SSG,외야수,우투,좌타,1,9000,3500,2011,SK,1
SSG-6,정현,SSG,내야수,우투,우타,1,15000,3000,2013,삼성,0
SSG-97,조병현,SSG,투수,우투,우타,1,7000,3000,2021,SK,0
SSG-48,조성훈,SSG,투수,우투,우타,1,15000,3000,2018,SK,0
SSG-1,조영우,SSG,투수,우투,좌타,1,7000,5000,2014,한화,0
SSG-09,조요한,SSG,투수,우투,우타,2,4000,3000,,,0
SSG-65,조형우,SSG,포수,우투,우타,1,13000,3000,2021,SK,0
SSG-94,채현우,SSG,외야수,우투,우타,1,3000,3000,2019,SK,0
SSG-44,최경태,SSG,투수,우투,좌타,2,4000,3000,,,0
SSG-30,최민준,SSG,투수,우투,우타,1,10000,3000,2018,SK,0
SSG-12,최수빈,SSG,내야수,우투,좌타,2,4000,3000,,,0
SSG-14,최정,SSG,내야수,우투,우타,1,30000,120000,2005,SK,7
SSG-53,최주환,SSG,내야수,우투,좌타,1,6000,65000,2006,두산,8
SSG-54,최지훈,SSG,외야수,우투,좌타,1,8000,8000,2020,SK,0
SSG-4,최항,SSG,내야수,우투,좌타,1,0,5500,2017,SK,7
SSG-17,추신수,SSG,외야수,좌투,좌타,1,0,270000,2000,시애틀,0
SSG-63,폰트,SSG,투수,우투,우타,1,150000,850000,2021,SK,0
SSG-13,하재훈,SSG,투수,우투,우타,1,0,7000,2009,시카고컵스,10
SSG-35,한유섬,SSG,외야수,우투,좌타,1,3000,18000,2012,SK,0
SSG-113,허민혁,SSG,투수,우투,우타,2,7000,3000,,,0
SSG-66,허웅,SSG,투수,우투,좌타,2,9000,3000,2015,SK,0
SSG-3,현원회,SSG,포수,우투,우타,1,7000,3000,2020,SK,0
한화-7,강경학,한화,내야수,우투,좌타,1,10000,8700,2011,한화,0
한화-19,강상원,한화,외야수,우투,좌타,1,3000,3000,2016,한화,0
한화-55,강재민,한화,투수,우투,우타,1,8000,7900,2020,한화,16
한화-65,권용우,한화,투수,우투,우타,2,9000,3000,2016,한화,0
한화-03,김규연,한화,투수,우투,우타,2,4000,3000,,,0
한화-15,김기중,한화,투수,좌투,좌타,1,15000,3000,2021,한화,0
한화-29,김기탁,한화,투수,좌투,좌타,1,4000,3300,2020,한화,0
한화-53,김민우,한화,투수,우투,우타,1,20000,9000,2015,한화,0
한화-39,김민하,한화,외야수,우투,우타,1,0,4500,2011,롯데,0
한화-47,김범수,한화,투수,좌투,좌타,1,20000,6500,2015,한화,15
한화-94,김승일,한화,투수,우언,우타,2,3000,3000,,,0
한화-45,김이환,한화,투수,우투,우타,1,8000,4100,2019,한화,0
한화-1,김종수,한화,투수,우투,우타,1,3000,6100,2013,한화,0
한화-69,김지수,한화,외야수,좌투,좌타,1,0,3100,2016,롯데,0
한화-37,김진영,한화,투수,우투,우타,1,0,7900,2010,시카고컵스,0
한화-32,김진욱,한화,투수,우투,우타,1,3000,3900,2018,한화,0
한화-91,김태욱,한화,투수,좌투,좌타,2,16000,3000,2017,한화,0
한화-12,김현민,한화,내야수,우투,우타,1,7000,3100,2020,한화,2
한화-10,남지민,한화,투수,우투,우타,1,16000,3000,2020,한화,0
한화-17,노수광,한화,외야수,우투,좌타,1,0,17300,2014,한화,1
한화-8,노시환,한화,내야수,우투,우타,1,20000,6000,2019,한화,2
한화-2,노태형,한화,내야수,우투,좌타,1,3000,3400,2014,한화,0
한화-38,문동욱,한화,투수,우투,좌타,1,15000,3600,2014,롯데,0
한화-05,문승진,한화,투수,우투,우타,2,3000,3000,,,0
한화-42,박상언,한화,포수,우투,우타,1,4000,3200,2017,한화,0
한화-9,박정현,한화,내야수,우투,우타,1,4000,3400,2020,한화,0
한화-41,박주홍,한화,투수,좌투,좌타,1,10000,3300,2018,한화,0
한화-95,박준범,한화,포수,우투,우타,2,6000,3000,,,0
한화-63,박한결,한화,내야수,우투,우타,1,0,3100,2019,한화,0
한화-61,배동현,한화,투수,우투,좌타,1,6000,3000,2021,한화,0
한화-54,서균,한화,투수,우언,양타,1,4000,3700,2014,한화,0
한화-56,송윤준,한화,투수,좌투,좌타,1,7000,4000,2011,LG,0
한화-67,송호정,한화,내야수,우투,좌타,1,10000,3000,2021,한화,0
한화-31,신정락,한화,투수,우언,우타,1,30000,8000,2010,LG,0
한화-40,신지후,한화,투수,우투,우타,1,22000,3000,2020,한화,0
한화-04,안진,한화,포수,우투,우타,2,3000,3000,,,0
한화-07,안창호,한화,외야수,우투,우타,2,0,3000,,,0
한화-58,오동욱,한화,투수,우투,우타,1,5000,3300,2020,한화,0
한화-6,오선진,한화,내야수,우투,우타,1,6000,10000,2008,한화,0
한화-68,유장혁,한화,외야수,우투,우타,1,11000,3200,2019,한화,0
한화-5,윤대경,한화,투수,우투,우타,1,5000,7700,2013,삼성,0
한화-18,윤호솔,한화,투수,우투,우타,1,60000,3100,2013,NC,16
한화-14,이도윤,한화,내야수,우투,좌타,1,8000,3200,2015,한화,0
한화-51,이동훈,한화,외야수,좌투,좌타,1,10000,3300,2016,한화,0
한화-50,이성열,한화,내야수,우투,좌타,1,27000,40000,2003,LG,4
한화-48,이승관,한화,투수,좌투,좌타,1,15000,3000,2018,한화,0
한화-08,이종완,한화,외야수,우투,좌타,2,0,3000,,,0
한화-02,이준기,한화,투수,우투,우타,2,4000,3000,,,0
한화-49,이충호,한화,투수,좌투,좌타,2,7000,3000,2013,한화,0
한화-27,이해창,한화,포수,우투,우타,1,4000,6000,2010,넥센,0
한화-24,임종찬,한화,외야수,우투,좌타,1,9000,3600,2020,한화,0
한화-11,임준섭,한화,투수,좌투,좌타,1,11000,5800,2013,KIA,0
한화-62,장규현,한화,포수,우투,좌타,1,7000,3000,2021,한화,0
한화-36,장민재,한화,투수,우투,우타,1,8000,10000,2009,한화,4
한화-28,장시환,한화,투수,우투,우타,1,18000,15400,2007,현대,0
한화-30,장운호,한화,외야수,우투,우타,1,6000,3500,2013,한화,0
한화-46,장웅정,한화,투수,우투,우타,1,7000,3300,2020,한화,0
한화-06,장지승,한화,외야수,우투,우타,2,0,3000,,,0
한화-98,정경운,한화,내야수,우투,우타,2,0,0,2017,한화,0
한화-44,정기훈,한화,내야수,우투,좌타,1,6000,3200,2020,한화,0
한화-64,정민규,한화,내야수,우투,우타,1,15000,3000,2021,한화,0
한화-57,정우람,한화,투수,좌투,좌타,1,8500,80000,2004,SK,7
한화-43,정은원,한화,내야수,우투,좌타,1,9000,12000,2018,한화,0
한화-97,정인욱,한화,투수,우투,우타,2,10000,3000,2009,삼성,0
한화-33,정진호,한화,외야수,우투,좌타,1,6000,12000,2011,두산,13
한화-96,조은,한화,투수,우투,우타,1,8000,3000,2021,한화,0
한화-4,조한민,한화,내야수,우투,우타,1,4000,3400,2020,한화,0
한화-01,조현진,한화,내야수,우투,좌타,2,5000,3000,,,0
한화-66,주현상,한화,투수,우투,우타,1,5000,3300,2015,한화,0
한화-93,최이경,한화,투수,좌투,좌타,2,5000,3000,,,0
한화-34,최인호,한화,외야수,우투,좌타,1,6000,3400,2020,한화,16
한화-13,최재훈,한화,포수,우투,우타,1,0,26000,2008,두산,7
한화-22,카펜터,한화,투수,좌투,좌타,1,100000,300000,2021,한화,0
한화-20,킹험,한화,투수,우투,우타,1,100000,250000,2020,SK,0
한화-16,하주석,한화,내야수,우투,좌타,1,30000,13500,2012,한화,8
한화-59,한승주,한화,투수,우투,우타,1,11000,3000,2020,한화,3
한화-26,허관회,한화,포수,우투,우타,1,3000,3100,2020,한화,0
한화-60,황영국,한화,투수,좌투,좌타,1,20000,3300,2014,한화,0
한화-25,힐리,한화,내야수,우투,우타,1,300000,500000,2021,한화,0
